BEGIN TRANSACTION;

INSERT INTO users (username,password_hash,role,host_id) VALUES ('UMChurch','$2a$08$UkVvwpULis18S19S5pZFn.YHPZt3oaqHZnDwqbCW9pft6uFtkXKDC','ROLE_USER',2);
INSERT INTO users (username,password_hash,role,host_id) VALUES ('admin','$2a$08$UkVvwpULis18S19S5pZFn.YHPZt3oaqHZnDwqbCW9pft6uFtkXKDC','ROLE_ADMIN',0);


INSERT INTO resource_type (resource_name) VALUES 
('Clothing'),
('School supplies'),
('Food drives'),
('Grooming (haircuts, etc)'),
('Technology'),
('Health (dental visits, vaccination sites)'),
('Education (free workshops, library events)'),
('Childcare')
;

INSERT INTO address (address_1, address_2, city, state, zip) VALUES
('2719 Patton Rd', '', 'Roseville', 'MN', '55113'),
('946 Parsons Ave', '', 'Columbus', 'OH', '43206'),
('760 E Broad St', '', 'Columbus', 'OH', '43205'),
('61 S Powell Ave', '', 'Columbus', 'OH', '43204'),
('3126 St Clair Ave NE', '', 'Cleveland', 'OH', '44114'),
('96 S Grant Ave', '', 'Columbus', 'OH', '43215'),
('1422 E Livingston Ave', '', 'Columbus', 'OH', '43205'),
('911 Parsons Avenue', '', 'Columbus', 'OH', '43206'),
('2231 North High Street', '', 'Columbus', 'OH', '43201')
;

INSERT INTO host (host_name, host_description, host_img) VALUES 
('Kids in Need Foundation', 'We believe every child in America should have equal opportunity and access to a quality education. By partnering with teachers and students in under-resourced schools, we provide the support needed for teachers to teach and learners to learn.', 'https://tinyurl.com/56de99af'),
('United Methodist Church', 'Our vision is for a whole, healthy, and engaged community where All People are empowered to pursue their hopes, dreams, and aspirations; where lives are transformed by faith and trust, and personal fulfillment is experienced through the abundance of God''s love and grace. To bring our Vision to life, CD4AP catalyzes collaborations with key strategic partners to improve the quality of life for all residents of the South Side through individual and community services.', 'https://tinyurl.com/2zebum9x' ),
('Broad Street Food Pantry', 'Supporting neighbors by putting healthy meals on their table with respect and dignity for all. With the help of our volunteers, our donors, our partners, in 2021 we provided meat, milk, eggs, dairy, produce and shelf stable items to 7600 families shopping the pantry and delivered meat, dairy, produce and shelf stable items to 3883 seniors and working families unable to visit the pantry.', 'https://tinyurl.com/mr2wtun5'),
('Westside Free Store', 'The Westside Free Store Ministries is a faith-based, 501(c)(3) charitable organization designed to share resources, build relationships and create community on Columbus’ west side.', 'https://tinyurl.com/kbw7khz4'),
('Kidz Code', 'Since 2020, Kidz Code has provided programming instruction to hundreds of kids in the area, including providing free PCs to students to develop an organic love of code at home.', 'https://tinyurl.com/yc75nm5k'),
('Columbus Metropolitan Library', 'The Foundation is a 501(c)(3) charitable organization whose mission is building resources for the sole purpose of advancing the mission of Columbus Metropolitan Library for generations to come.', 'https://authorsunbound.com/wp-content/uploads/2019/12/CMLlogo.jpg'),
('Columbus Free Clinic', 'We are a student-run organization, providing educational opportunities for professional and undergraduate volunteers and quality, culturally competent healthcare to our community. All of our services are free. We won’t ask you for insurance information or citizenship status. Telehealth is available, but only after your first in-person appointment.', 'https://columbusfreeclinic.com/wp-content/uploads/2022/08/CFC-Logo-Primary.png')
;

INSERT INTO host_address (host_id, address_id) VALUES
(1, 1),
(2, 2),
(3, 3),
(4, 4),
(5, 5),
(6, 6),
(7, 9)
;

INSERT INTO event (event_name, start_time, end_time, event_date, event_description, image_url) VALUES
('Kindergarten Laptime', '10:30:00', '11:00:00', '2022-12-19', 'Boost your baby''s ability to learn using books, rhymes, and music.', 'https://www.best-books-for-kids.com/images/babiesandlibraries2.jpg'),
('Neighborhood Social Worker', '12:00:00', '17:00:00', '2022-12-18', 'A social worker from Columbus Public Health will be available to provide information on social services in the community and to answer questions.', 'https://d4804za1f1gw.cloudfront.net/wp-content/uploads/sites/100/2022/04/29840877384_493c3fe215_k.jpg'),
('After School Snack', '15:15:00', '15:45:00', '2022-12-17', 'Stop by for a free snack provided by the Children''s Hunger Alliance.', 'https://blog.jumpinforhealthykids.org/wp-content/uploads/2019/03/KidsEatingGrabNGo-1024x605.jpg'),
('PCs for People', '10:00:00', '17:00:00', '2022-12-19', 'Desktops: start at $30 (two free desktops available per day). Laptops: start at $50. Internet: $60 for the device, $15 per month for service (or free through Affordable Connectivity Program)', 'http://www.nsidusa.com/wp-content/uploads/2016/04/retail7961-e1460652157983.jpg'),
('PCs for People', '10:00:00', '17:00:00', '2022-12-20', 'Desktops: start at $30 (two free desktops available per day). Laptops: start at $50. Internet: $60 for the device, $15 per month for service (or free through Affordable Connectivity Program)', 'http://www.nsidusa.com/wp-content/uploads/2016/04/retail7961-e1460652157983.jpg'),
('PCs for People', '10:00:00', '17:00:00', '2022-12-21', 'Desktops: start at $30 (two free desktops available per day). Laptops: start at $50. Internet: $60 for the device, $15 per month for service (or free through Affordable Connectivity Program)', 'http://www.nsidusa.com/wp-content/uploads/2016/04/retail7961-e1460652157983.jpg'),
('PCs for People', '10:00:00', '17:00:00', '2022-12-22', 'Desktops: start at $30 (two free desktops available per day). Laptops: start at $50. Internet: $60 for the device, $15 per month for service (or free through Affordable Connectivity Program)', 'http://www.nsidusa.com/wp-content/uploads/2016/04/retail7961-e1460652157983.jpg'),
('PCs for People', '10:00:00', '17:00:00', '2022-12-23', 'Desktops: start at $30 (two free desktops available per day). Laptops: start at $50. Internet: $60 for the device, $15 per month for service (or free through Affordable Connectivity Program)', 'http://www.nsidusa.com/wp-content/uploads/2016/04/retail7961-e1460652157983.jpg'),
('Haircuts for All People', '09:00:00', '17:00:00', '2022-12-05', 'On the first Monday of every month from 9am-5pm, free haircuts are available at our Connection Center at 911 Parsons Avenue. Haircuts are offered on a walk in basis.', 'https://faithconnector.s3.amazonaws.com/4allpeople/images/library/haircuts_for_all_people.jpg'),
('Haircuts for All People', '09:00:00', '17:00:00', '2022-12-18', 'On the first Monday of every month from 9am-5pm, free haircuts are available at our Connection Center at 911 Parsons Avenue. Haircuts are offered on a walk in basis.', 'https://faithconnector.s3.amazonaws.com/4allpeople/images/library/haircuts_for_all_people.jpg'),
('Free Store', '09:00:00', '13:00:00', '2022-12-12', 'The United Methodist Free Store provides gently used clothing and household items to individuals and families in a hospitable atmosphere that affirms the self-worth of each individual. More than 50,000 families have become members of the Free Store since we opened our doors in January 1999.', 'https://faithconnector.s3.amazonaws.com/4allpeople/images/library/free_store_btn1.jpg'),
('Free Store', '09:00:00', '13:00:00', '2022-12-13', 'The United Methodist Free Store provides gently used clothing and household items to individuals and families in a hospitable atmosphere that affirms the self-worth of each individual. More than 50,000 families have become members of the Free Store since we opened our doors in January 1999.', 'https://faithconnector.s3.amazonaws.com/4allpeople/images/library/free_store_btn1.jpg'),
('Free Store', '09:00:00', '13:00:00', '2022-12-14', 'The United Methodist Free Store provides gently used clothing and household items to individuals and families in a hospitable atmosphere that affirms the self-worth of each individual. More than 50,000 families have become members of the Free Store since we opened our doors in January 1999.', 'https://faithconnector.s3.amazonaws.com/4allpeople/images/library/free_store_btn1.jpg'),
('Free Store', '09:00:00', '13:00:00', '2022-12-15', 'The United Methodist Free Store provides gently used clothing and household items to individuals and families in a hospitable atmosphere that affirms the self-worth of each individual. More than 50,000 families have become members of the Free Store since we opened our doors in January 1999.', 'https://faithconnector.s3.amazonaws.com/4allpeople/images/library/free_store_btn1.jpg'),
('Free Store', '11:00:00', '15:00:00', '2022-12-16', 'The United Methodist Free Store provides gently used clothing and household items to individuals and families in a hospitable atmosphere that affirms the self-worth of each individual. More than 50,000 families have become members of the Free Store since we opened our doors in January 1999.', 'https://faithconnector.s3.amazonaws.com/4allpeople/images/library/free_store_btn1.jpg'),
('Free Store', '09:00:00', '13:00:00', '2022-12-17', 'The United Methodist Free Store provides gently used clothing and household items to individuals and families in a hospitable atmosphere that affirms the self-worth of each individual. More than 50,000 families have become members of the Free Store since we opened our doors in January 1999.', 'https://bloximages.chicago2.vip.townnews.com/circlevilleherald.com/content/tncms/assets/v3/editorial/5/fd/5fd8a4d2-6fc5-11ec-8960-0be442502c64/61d84cdcddde2.image.jpg?resize=1396%2C1047'),
('Rainbow + Urology Clinic', '00:00:00', '23:59:59', '2022-12-22', 'Our services are available to everyone free of cost regardless of insurance or documentation status. If you need translation services, we are able to provide that.', 'https://columbusfreeclinic.com/wp-content/uploads/2022/08/clinic_0421_015.png'),
('Clinic Night', '17:30:00', '22:00:00', '2022-12-22', 'Our services are available to everyone free of cost regardless of insurance or documentation status. If you need translation services, we are able to provide that.', 'https://columbusfreeclinic.com/wp-content/uploads/2022/08/clinic_0421_015.png'),
('Psychiatry Clinic', '00:00:00', '23:59:59', '2022-12-15', 'Our services are available to everyone free of cost regardless of insurance or documentation status. If you need translation services, we are able to provide that.', 'https://columbusfreeclinic.com/wp-content/uploads/2022/08/clinic_0421_015.png'),
('Neuro Clinic', '00:00:00', '23:59:59', '2022-12-18', 'Our services are available to everyone free of cost regardless of insurance or documentation status. If you need translation services, we are able to provide that.', 'https://columbusfreeclinic.com/wp-content/uploads/2022/08/clinic_0421_015.png'),
('Clinic Night', '17:30:00', '22:00:00', '2022-12-15', 'Our services are available to everyone free of cost regardless of insurance or documentation status. If you need translation services, we are able to provide that.', 'https://columbusfreeclinic.com/wp-content/uploads/2022/08/clinic_0421_015.png'),
('Clinic Night', '17:30:00', '22:00:00', '2022-12-22', 'Our services are available to everyone free of cost regardless of insurance or documentation status. If you need translation services, we are able to provide that.', 'https://columbusfreeclinic.com/wp-content/uploads/2022/08/clinic_0421_015.png'),
('Clinic Night', '17:30:00', '22:00:00', '2022-12-29', 'Our services are available to everyone free of cost regardless of insurance or documentation status. If you need translation services, we are able to provide that.', 'https://columbusfreeclinic.com/wp-content/uploads/2022/08/clinic_0421_015.png'),
('Acupuncture Clinic', '00:00:00', '23:59:59', '2023-01-05', 'Our services are available to everyone free of cost regardless of insurance or documentation status. If you need translation services, we are able to provide that.', 'https://columbusfreeclinic.com/wp-content/uploads/2022/08/clinic_0421_015.png'),
('Clinic Night', '17:30:00', '22:00:00', '2023-01-05', 'Our services are available to everyone free of cost regardless of insurance or documentation status. If you need translation services, we are able to provide that.', 'https://columbusfreeclinic.com/wp-content/uploads/2022/08/clinic_0421_015.png'),
('Psychiatry Clinic', '00:00:00', '23:59:59', '2023-01-12', 'Our services are available to everyone free of cost regardless of insurance or documentation status. If you need translation services, we are able to provide that.', 'https://columbusfreeclinic.com/wp-content/uploads/2022/08/clinic_0421_015.png'),
('Clinic Night', '17:30:00', '22:00:00', '2023-01-12', 'Our services are available to everyone free of cost regardless of insurance or documentation status. If you need translation services, we are able to provide that.', 'https://columbusfreeclinic.com/wp-content/uploads/2022/08/clinic_0421_015.png'),
('Clinic Night', '17:30:00', '22:00:00', '2023-01-19', 'Our services are available to everyone free of cost regardless of insurance or documentation status. If you need translation services, we are able to provide that.', 'https://columbusfreeclinic.com/wp-content/uploads/2022/08/clinic_0421_015.png'),
('Food Pantry', '09:00:00', '11:00:00', '2022-12-12', 'Pantry hours are 9:00 AM to 11:00 AM Monday through Friday. Directions: Enter north side on BSPC parking lot and follow the cones. Line up along East side between curb and parking spaces. Wait in car line to enter food pantry driveway. No car? Just wait in the garden and a volunteer will bring your food out to you.', 'https://bspc.org/wp-content/uploads/2017/06/localbodyresize.jpg'),
('Food Pantry', '09:00:00', '11:00:00', '2022-12-13', 'Pantry hours are 9:00 AM to 11:00 AM Monday through Friday. Directions: Enter north side on BSPC parking lot and follow the cones. Line up along East side between curb and parking spaces. Wait in car line to enter food pantry driveway. No car? Just wait in the garden and a volunteer will bring your food out to you.', 'https://bspc.org/wp-content/uploads/2017/06/localbodyresize.jpg'),
('Food Pantry', '09:00:00', '11:00:00', '2022-12-14', 'Pantry hours are 9:00 AM to 11:00 AM Monday through Friday. Directions: Enter north side on BSPC parking lot and follow the cones. Line up along East side between curb and parking spaces. Wait in car line to enter food pantry driveway. No car? Just wait in the garden and a volunteer will bring your food out to you.', 'https://bspc.org/wp-content/uploads/2017/06/localbodyresize.jpg'),
('Food Pantry', '09:00:00', '11:00:00', '2022-12-15', 'Pantry hours are 9:00 AM to 11:00 AM Monday through Friday. Directions: Enter north side on BSPC parking lot and follow the cones. Line up along East side between curb and parking spaces. Wait in car line to enter food pantry driveway. No car? Just wait in the garden and a volunteer will bring your food out to you.', 'https://bspc.org/wp-content/uploads/2017/06/localbodyresize.jpg'),
('Food Pantry', '09:00:00', '11:00:00', '2022-12-16', 'Pantry hours are 9:00 AM to 11:00 AM Monday through Friday. Directions: Enter north side on BSPC parking lot and follow the cones. Line up along East side between curb and parking spaces. Wait in car line to enter food pantry driveway. No car? Just wait in the garden and a volunteer will bring your food out to you.', 'https://bspc.org/wp-content/uploads/2017/06/localbodyresize.jpg'),
('Food Pantry', '09:00:00', '11:00:00', '2022-12-19', 'Pantry hours are 9:00 AM to 11:00 AM Monday through Friday. Directions: Enter north side on BSPC parking lot and follow the cones. Line up along East side between curb and parking spaces. Wait in car line to enter food pantry driveway. No car? Just wait in the garden and a volunteer will bring your food out to you.', 'https://bspc.org/wp-content/uploads/2017/06/localbodyresize.jpg'),
('Food Pantry', '09:00:00', '11:00:00', '2022-12-20', 'Pantry hours are 9:00 AM to 11:00 AM Monday through Friday. Directions: Enter north side on BSPC parking lot and follow the cones. Line up along East side between curb and parking spaces. Wait in car line to enter food pantry driveway. No car? Just wait in the garden and a volunteer will bring your food out to you.', 'https://bspc.org/wp-content/uploads/2017/06/localbodyresize.jpg'),
('Food Pantry', '09:00:00', '11:00:00', '2022-12-21', 'Pantry hours are 9:00 AM to 11:00 AM Monday through Friday. Directions: Enter north side on BSPC parking lot and follow the cones. Line up along East side between curb and parking spaces. Wait in car line to enter food pantry driveway. No car? Just wait in the garden and a volunteer will bring your food out to you.', 'https://bspc.org/wp-content/uploads/2017/06/localbodyresize.jpg'),
('Food Pantry', '09:00:00', '11:00:00', '2022-12-22', 'Pantry hours are 9:00 AM to 11:00 AM Monday through Friday. Supporting neighbors by putting healthy meals on their table with respect and dignity for all.', 'https://bspc.org/wp-content/uploads/2017/06/localbodyresize.jpg'),
('Food Pantry', '09:00:00', '11:00:00', '2022-12-23', 'Pantry hours are 9:00 AM to 11:00 AM Monday through Friday. Supporting neighbors by putting healthy meals on their table with respect and dignity for all.', 'https://bspc.org/wp-content/uploads/2017/06/localbodyresize.jpg'),
('School Help Center', '15:30:00', '18:30:00', '2022-12-18', 'Get free help with homework along with computers, school supplies and friendly staff and volunteers to assist.', 'https://bloximages.chicago2.vip.townnews.com/tucson.com/content/tncms/assets/v3/editorial/a/25/a257470c-fbdc-11e7-bbd2-e3cc9c6ed16b/5a5fd9f30220c.image.jpg'),
('School Help Center', '15:00:00', '18:00:00', '2022-12-19', 'Get free help with homework along with computers, school supplies and friendly staff and volunteers to assist.', 'https://bloximages.chicago2.vip.townnews.com/tucson.com/content/tncms/assets/v3/editorial/a/25/a257470c-fbdc-11e7-bbd2-e3cc9c6ed16b/5a5fd9f30220c.image.jpg'),
('Free Legal Clinic', '14:30:00', '16:30:00', '2022-12-21', 'Get free legal advice from Attorney Mindy Yocum including eviction/foreclosure, expungement/record sealing, disability, custody and visitation rights, divorce and more. No registration is required.', 'https://d4804za1f1gw.cloudfront.net/wp-content/uploads/sites/100/2022/04/29840877384_493c3fe215_k.jpg'),
('Relaxation for All People', '12:00:00', '14:00:00', '2022-12-13', 'In these classes you will experience: gentle movement, restorative rest, calming breath practices, the benefits of essential oils and Reiki, simple techniques you can use daily to ease the effects of stress.', 'https://faithconnector.s3.amazonaws.com/4allpeople/images/library/hands_open.jpeg'),
('Relaxation for All People', '12:00:00', '14:00:00', '2022-12-27', 'In these classes you will experience: gentle movement, restorative rest, calming breath practices, the benefits of essential oils and Reiki, simple techniques you can use daily to ease the effects of stress.', 'https://faithconnector.s3.amazonaws.com/4allpeople/images/library/hands_open.jpeg'),
('Relaxation for All People', '12:00:00', '14:00:00', '2022-12-06', 'In these classes you will experience: gentle movement, restorative rest, calming breath practices, the benefits of essential oils and Reiki, simple techniques you can use daily to ease the effects of stress.', 'https://faithconnector.s3.amazonaws.com/4allpeople/images/library/hands_open.jpeg'),
('Relaxation for All People', '12:00:00', '14:00:00', '2022-12-20', 'In these classes you will experience: gentle movement, restorative rest, calming breath practices, the benefits of essential oils and Reiki, simple techniques you can use daily to ease the effects of stress.', 'https://faithconnector.s3.amazonaws.com/4allpeople/images/library/hands_open.jpeg'),
('PCs for People', '10:00:00', '17:00:00', '2022-12-26', 'Desktops: start at $30 (two free desktops available per day). Laptops: start at $50. Internet: $60 for the device, $15 per month for service (or free through Affordable Connectivity Program)', 'http://www.nsidusa.com/wp-content/uploads/2016/04/retail7961-e1460652157983.jpg'),
('PCs for People', '10:00:00', '17:00:00', '2022-12-27', 'Desktops: start at $30 (two free desktops available per day). Laptops: start at $50. Internet: $60 for the device, $15 per month for service (or free through Affordable Connectivity Program)', 'http://www.nsidusa.com/wp-content/uploads/2016/04/retail7961-e1460652157983.jpg'),
('PCs for People', '10:00:00', '17:00:00', '2022-12-28', 'Desktops: start at $30 (two free desktops available per day). Laptops: start at $50. Internet: $60 for the device, $15 per month for service (or free through Affordable Connectivity Program)', 'http://www.nsidusa.com/wp-content/uploads/2016/04/retail7961-e1460652157983.jpg'),
('PCs for People', '10:00:00', '17:00:00', '2022-12-29', 'Desktops: start at $30 (two free desktops available per day). Laptops: start at $50. Internet: $60 for the device, $15 per month for service (or free through Affordable Connectivity Program)', 'http://www.nsidusa.com/wp-content/uploads/2016/04/retail7961-e1460652157983.jpg'),
('PCs for People', '10:00:00', '17:00:00', '2022-12-30', 'Desktops: start at $30 (two free desktops available per day). Laptops: start at $50. Internet: $60 for the device, $15 per month for service (or free through Affordable Connectivity Program)', 'http://www.nsidusa.com/wp-content/uploads/2016/04/retail7961-e1460652157983.jpg'),
('Free Store', '09:00:00', '13:00:00', '2022-12-19', 'The United Methodist Free Store provides gently used clothing and household items to individuals and families in a hospitable atmosphere that affirms the self-worth of each individual. More than 50,000 families have become members of the Free Store since we opened our doors in January 1999.', 'https://faithconnector.s3.amazonaws.com/4allpeople/images/library/free_store_btn1.jpg'),
('Free Store', '09:00:00', '13:00:00', '2022-12-20', 'The United Methodist Free Store provides gently used clothing and household items to individuals and families in a hospitable atmosphere that affirms the self-worth of each individual. More than 50,000 families have become members of the Free Store since we opened our doors in January 1999.', 'https://www.volunteerunitedcbus.org/content/www.volunteerunitedcbus.org/agency/115002-3484304-d4e78b7f_f.jpg'),
('Free Store', '09:00:00', '13:00:00', '2022-12-21', 'The United Methodist Free Store provides gently used clothing and household items to individuals and families in a hospitable atmosphere that affirms the self-worth of each individual. More than 50,000 families have become members of the Free Store since we opened our doors in January 1999.', 'https://faithconnector.s3.amazonaws.com/4allpeople/images/library/free_store_btn1.jpg'),
('Free Store', '09:00:00', '13:00:00', '2022-12-22', 'The United Methodist Free Store provides gently used clothing and household items to individuals and families in a hospitable atmosphere that affirms the self-worth of each individual. More than 50,000 families have become members of the Free Store since we opened our doors in January 1999.', 'https://bloximages.chicago2.vip.townnews.com/circlevilleherald.com/content/tncms/assets/v3/editorial/5/fd/5fd8a4d2-6fc5-11ec-8960-0be442502c64/61d84cdcddde2.image.jpg?resize=1396%2C1047'),
('Free Store', '11:00:00', '15:00:00', '2022-12-23', 'The United Methodist Free Store provides gently used clothing and household items to individuals and families in a hospitable atmosphere that affirms the self-worth of each individual. More than 50,000 families have become members of the Free Store since we opened our doors in January 1999.', 'https://faithconnector.s3.amazonaws.com/4allpeople/images/library/free_store_btn1.jpg'),
('Free Store', '09:00:00', '13:00:00', '2022-12-24', 'The United Methodist Free Store provides gently used clothing and household items to individuals and families in a hospitable atmosphere that affirms the self-worth of each individual. More than 50,000 families have become members of the Free Store since we opened our doors in January 1999.', 'https://www.volunteerunitedcbus.org/content/www.volunteerunitedcbus.org/agency/115002-3484304-d4e78b7f_f.jpg')
;

INSERT INTO event_address (event_id, address_id) VALUES
(1, 6),
(2, 7),
(3, 6),
(4, 5),
(5, 5),
(6, 5),
(7, 5),
(8, 5),
(9, 8),
(10, 8),
(11, 2),
(12, 2),
(13, 2),
(14, 2),
(15, 2),
(16, 2),
(17, 9),
(18, 9),
(19, 9),
(20, 9),
(21, 9),
(22, 9),
(23, 9),
(24, 9),
(25, 9),
(26, 9),
(27, 9),
(28, 9),
(29, 3),
(30, 3),
(31, 3),
(32, 3),
(33, 3),
(34, 3),
(35, 3),
(36, 3),
(37, 3),
(38, 3),
(39, 7),
(40, 7),
(41, 6),
(42, 8),
(43, 8),
(44, 8),
(45, 8),
(46, 5),
(47, 5),
(48, 5),
(49, 5),
(50, 5),
(51, 2),
(52, 2),
(53, 2),
(54, 2),
(55, 2),
(56, 2)
;

INSERT INTO event_resource_type (event_id, resource_type_id) VALUES
(1, 8),
(2, 7),
(3, 3),
(4, 5),
(5, 5),
(6, 5),
(7, 5),
(8, 5),
(9, 4),
(10, 4),
(11, 1),
(12, 1),
(13, 1),
(14, 1),
(15, 1),
(16, 1),
(17, 6),
(18, 6),
(19, 6),
(20, 6),
(21, 6),
(22, 6),
(23, 6),
(24, 6),
(25, 6),
(26, 6),
(27, 6),
(28, 6),
(29, 3),
(30, 3),
(31, 3),
(32, 3),
(33, 3),
(34, 3),
(35, 3),
(36, 3),
(37, 3),
(38, 3),
(39, 7),
(40, 7),
(41, 7),
(42, 6),
(43, 6),
(44, 6),
(45, 6),
(46, 5),
(47, 5),
(48, 5),
(49, 5),
(50, 5),
(51, 1),
(52, 1),
(53, 1),
(54, 1),
(55, 1),
(56, 1)
;

INSERT INTO host_event (event_id, host_id) VALUES
(1, 6),
(2, 6),
(3, 6),
(4, 5),
(5, 5),
(6, 5),
(7, 5),
(8, 5),
(9, 2),
(10, 2),
(11, 2),
(12, 2),
(13, 2),
(14, 2),
(15, 2),
(16, 2),
(17, 7),
(18, 7),
(19, 7),
(20, 7),
(21, 7),
(22, 7),
(23, 7),
(24, 7),
(25, 7),
(26, 7),
(27, 7),
(28, 7),
(29, 3),
(30, 3),
(31, 3),
(32, 3),
(33, 3),
(34, 3),
(35, 3),
(36, 3),
(37, 3),
(38, 3),
(39, 6),
(40, 6),
(41, 6),
(42, 2),
(43, 2),
(44, 2),
(45, 2),
(46, 5),
(47, 5),
(48, 5),
(49, 5),
(50, 5),
(51, 2),
(52, 2),
(53, 2),
(54, 2),
(55, 2),
(56, 2)
;

COMMIT TRANSACTION;
